plane_index_A,plane_index_B,chain,res_i_A,res_j_A,res_i_B,res_j_B,dot,angle_unsigned_deg,angle_signed_deg,dihedral_deg
0,1,A,1,2,2,3,0.353571,69.294102,-110.705898,-115.788191
1,2,A,2,3,3,4,0.238742,76.187716,-103.812284,166.497526
2,3,A,3,4,4,5,0.003512,89.798791,-89.798791,-89.548468
3,4,A,4,5,5,6,0.117410,83.257370,-96.742630,-97.106995
4,5,A,5,6,6,7,0.172053,80.092813,-99.907187,-99.917895
5,6,A,6,7,7,8,0.332431,70.583606,70.583606,-62.326542
6,7,A,7,8,8,9,0.351801,69.402458,110.597542,113.115924
