plane_index,chain,res_i,icode_i,resname_i,res_j,icode_j,resname_j,nx,ny,nz,rms
1,A,1,,DXX,2,,DAR,0.568253,0.020980,-0.822587,0.001045
2,A,2,,DAR,3,,DGL,-0.129288,0.922366,0.364040,0.039272
3,A,3,,DGL,4,,GLY,-0.929522,-0.362582,-0.067257,0.049904
4,A,4,,GLY,5,,DAR,0.197347,-0.345424,-0.917462,0.024635
5,A,5,,DAR,6,,DIL,-0.953039,0.249878,-0.171107,0.006476
6,A,6,,DIL,7,,GLY,-0.065635,-0.994529,-0.081266,0.026375
7,A,7,,GLY,8,,GLY,-0.917941,-0.248403,-0.309322,0.005012
8,A,8,,GLY,9,,CYS,0.475472,-0.799057,0.368014,0.002502
