plane_index,chain,res_i,icode_i,resname_i,res_j,icode_j,resname_j,nx,ny,nz,rms
1,A,264,,ILE,265,,THR,-0.391801,-0.622029,0.677917,0.000274
2,A,265,,THR,266,,GLY,0.985356,0.153671,0.073884,0.000195
3,A,266,,GLY,267,,ASP,-0.382608,0.806078,-0.451496,0.001057
4,A,267,,ASP,268,,VAL,-0.861735,-0.255094,0.438566,0.000301
5,A,268,,VAL,269,,SER,0.259499,-0.145692,0.954691,0.001750
6,A,269,,SER,270,,ALA,0.345757,-0.643297,-0.683096,0.001991
7,A,270,,ALA,271,,ALA,-0.316106,0.708794,-0.630625,0.001787
8,A,271,,ALA,272,,ASN,-0.332267,0.321951,0.886536,0.000681
9,A,272,,ASN,273,,LYS,0.324304,-0.825209,0.462446,0.000560
10,A,273,,LYS,274,,ASP,0.375657,-0.301325,-0.876405,0.000426
11,A,274,,ASP,275,,ALA,-0.331036,0.935458,-0.123826,0.000543
12,A,275,,ALA,276,,ILE,0.009629,0.098598,0.995081,0.000290
13,A,276,,ILE,277,,ARG,0.232021,-0.895997,-0.378623,0.000191
14,A,277,,ARG,278,,LYS,-0.108933,0.436576,-0.893048,0.000613
15,A,278,,LYS,279,,GLN,-0.099677,0.862207,0.496652,0.000656
16,A,279,,GLN,280,,MET,0.167175,-0.743512,0.647489,0.000309
17,A,280,,MET,281,,ASP,0.050767,-0.619215,-0.783578,0.000318
18,A,281,,ASP,282,,ALA,-0.175518,0.816858,-0.549488,0.001835
19,A,282,,ALA,283,,ALA,0.175123,0.565539,0.805914,0.002360
20,A,283,,ALA,284,,ALA,-0.490553,-0.852787,0.179198,0.001928
21,A,284,,ALA,285,,SER,-0.061631,-0.515873,-0.854445,0.002421
22,A,285,,SER,286,,LYS,-0.925294,0.150031,0.348311,0.000553
23,A,286,,LYS,287,,GLY,-0.426867,-0.103340,0.898390,0.001360
24,A,287,,GLY,288,,ASP,0.619981,0.286083,0.730602,0.001600
25,A,288,,ASP,289,,VAL,-0.436496,0.782531,-0.443978,0.001769
26,A,289,,VAL,290,,GLU,0.716146,-0.431124,-0.548878,0.000945
27,A,290,,GLU,291,,THR,0.165563,-0.640189,0.750164,0.001639
28,A,291,,THR,292,,TYR,-0.755109,0.574245,0.316313,0.000832
29,A,292,,TYR,293,,ARG,0.039922,0.384348,-0.922325,0.000490
30,A,293,,ARG,294,,LYS,0.585158,-0.764369,-0.270796,0.000877
31,A,294,,LYS,295,,LEU,-0.290762,-0.408218,0.865341,0.000725
32,A,295,,LEU,296,,LYS,-0.579400,0.807394,-0.111403,0.000908
33,A,296,,LYS,297,,ALA,0.334675,-0.034696,-0.941695,0.001124
34,A,297,,ALA,298,,LYS,0.300182,-0.899929,0.316258,0.000500
35,A,298,,LYS,299,,LEU,-0.618198,0.160066,0.769552,0.000597
36,A,299,,LEU,300,,LYS,0.047986,0.767062,-0.639776,0.000209
37,A,300,,LYS,301,,GLY,0.732427,-0.606048,-0.310253,0.000325
38,A,301,,GLY,302,,ILE,-0.046896,-0.113050,0.992482,0.000331
39,A,302,,ILE,303,,ARG,-0.661339,0.718096,0.216724,0.000088
