plane_index_A,plane_index_B,chain,res_i_A,res_j_A,res_i_B,res_j_B,dot,angle_unsigned_deg,angle_signed_deg,dihedral_deg
0,1,A,67,68,68,69,0.263153,74.742764,-74.742764,-3.597553
1,2,A,68,69,69,70,0.736700,42.548941,-137.451059,165.446368
2,3,A,69,70,70,71,0.330832,70.680726,-109.319274,141.976378
3,4,A,70,71,71,72,0.100857,84.211502,-95.788498,110.414510
4,5,A,71,72,72,73,0.188218,79.151193,100.848807,150.283946
5,6,A,72,73,73,74,0.219905,77.296531,77.296531,-30.448600
6,7,A,73,74,74,75,0.501598,59.894223,59.894223,41.809668
7,8,A,74,75,75,76,0.290264,73.126246,-106.873754,-123.944488
8,9,A,75,76,76,77,0.163837,80.570300,-80.570300,12.260920
9,10,A,76,77,77,78,0.265989,74.574278,-105.425722,114.853685
10,11,A,77,78,78,79,0.369943,68.287874,-111.712126,174.905210
11,12,A,78,79,79,80,0.239905,76.119076,-76.119076,26.918443
12,13,A,79,80,80,81,0.304644,72.263239,107.736761,-161.703441
13,14,A,80,81,81,82,0.265386,74.610139,105.389861,135.088966
14,15,A,81,82,82,83,0.103858,84.038630,-95.961370,124.614500
15,16,A,82,83,83,84,0.227173,76.869302,76.869302,54.884358
16,17,A,83,84,84,85,0.697775,45.751217,-134.248783,168.592006
17,18,A,84,85,85,86,0.104523,84.000303,-84.000303,65.533657
18,19,A,85,86,86,87,0.185043,79.336383,100.663617,-157.526168
19,20,A,86,87,87,88,0.284935,73.445045,73.445045,-29.323995
20,21,A,87,88,88,89,0.325830,70.984118,70.984118,58.033374
21,22,A,88,89,89,90,0.360004,68.899546,-111.100454,-136.118811
22,23,A,89,90,90,91,0.034137,88.043734,-91.956266,96.952012
23,24,A,90,91,91,92,0.245034,75.816132,-75.816132,-4.773277
24,25,A,91,92,92,93,0.256398,75.143564,104.856436,-175.233682
25,26,A,92,93,93,94,0.156513,80.995461,99.004539,107.090220
26,27,A,93,94,94,95,0.359809,68.911538,111.088462,116.633581
