plane_index,chain,res_i,icode_i,resname_i,res_j,icode_j,resname_j,nx,ny,nz,rms
1,A,67,,ASN,68,,ASP,-0.748580,-0.626679,-0.216567,0.041699
2,A,68,,ASP,69,,TRP,-0.676368,0.555261,-0.483953,0.045387
3,A,69,,TRP,70,,GLN,0.639219,-0.737644,-0.217443,0.018834
4,A,70,,GLN,71,,CYS,-0.854499,-0.144940,-0.498822,0.003885
5,A,71,,CYS,72,,LYS,0.572779,0.113117,-0.811867,0.008679
6,A,72,,LYS,73,,THR,-0.344588,0.931248,0.118474,0.036771
7,A,73,,THR,74,,CYS,-0.862757,-0.144737,0.484460,0.011686
8,A,74,,CYS,75,,SER,-0.750732,-0.486483,-0.446918,0.008945
9,A,75,,SER,76,,ASN,0.282082,-0.556551,0.781460,0.033794
10,A,76,,ASN,77,,VAL,0.973532,0.227642,0.020367,0.029809
11,A,77,,VAL,78,,ASN,-0.336944,0.190015,0.922151,0.039715
12,A,78,,ASN,79,,TRP,0.730809,-0.682551,0.006499,0.026240
13,A,79,,TRP,80,,ALA,0.800450,0.508582,0.317214,0.027126
14,A,80,,ALA,81,,ARG,-0.030279,0.070530,-0.997050,0.025088
15,A,81,,ARG,82,,ARG,-0.382088,-0.898963,0.214182,0.008145
16,A,82,,ARG,83,,SER,-0.418201,0.077652,-0.905029,0.025449
17,A,83,,SER,84,,GLU,-0.961441,0.179178,0.208629,0.022349
18,A,84,,GLU,85,,CYS,0.628223,0.308363,-0.714316,0.012082
19,A,85,,CYS,86,,ASN,-0.683348,0.042799,-0.728837,0.010003
20,A,86,,ASN,87,,MET,0.392692,-0.904307,-0.167398,0.047021
21,A,87,,MET,88,,CYS,0.879031,-0.021535,0.476278,0.033706
22,A,88,,CYS,89,,ASN,0.643916,0.597981,-0.477274,0.019306
23,A,89,,ASN,90,,THR,-0.087004,0.259352,0.961856,0.013564
24,A,90,,THR,91,,PRO,-0.815675,-0.576661,0.046218,0.006995
25,A,91,,PRO,92,,LYS,0.345770,-0.890238,0.296512,0.008199
26,A,92,,LYS,93,,TYR,-0.050246,-0.063482,-0.996717,0.003866
27,A,93,,TYR,94,,ALA,-0.960537,0.200615,0.192673,0.024082
28,A,94,,ALA,95,,LYS,0.122856,-0.295349,-0.947457,0.024704
