plane_index_A,plane_index_B,chain,res_i_A,res_j_A,res_i_B,res_j_B,dot,angle_unsigned_deg,angle_signed_deg,dihedral_deg
0,1,A,1,2,2,3,0.214596,77.608161,102.391839,-123.579421
1,2,A,2,3,3,4,0.102472,84.118473,95.881527,-106.661122
2,3,A,3,4,4,5,0.214163,77.633580,102.366420,-121.941321
3,4,A,4,5,5,6,0.129913,82.535427,97.464573,-115.004012
4,5,A,5,6,6,7,0.210147,77.869012,77.869012,-68.986666
5,6,A,6,7,7,8,0.441916,63.773834,116.226166,-159.300896
6,7,A,7,8,8,9,0.014052,89.194858,90.805142,-93.720654
7,8,A,8,9,9,10,0.065451,86.247279,93.752721,-123.501495
8,9,A,9,10,10,11,0.228491,76.791754,103.208246,-148.610500
9,10,A,10,11,11,12,0.120753,83.064464,96.935536,-133.486948
10,11,A,11,12,12,13,0.224762,77.011120,102.988880,-128.611609
11,12,A,12,13,13,14,0.060540,86.529173,93.470827,-103.846859
12,13,A,13,14,14,15,0.024569,88.592186,91.407814,-92.768602
13,14,A,14,15,15,16,0.453465,63.033767,116.966233,-168.084502
14,15,A,15,16,16,17,0.102792,84.100035,95.899965,-108.506234
15,16,A,16,17,17,18,0.147939,81.492515,98.507485,-159.167666
16,17,A,17,18,18,19,0.085637,85.087354,94.912646,-113.652468
17,18,A,18,19,19,20,0.120574,83.074779,96.925221,-114.153053
18,19,A,19,20,20,21,0.158159,80.899958,99.100042,-120.449998
19,20,A,20,21,21,22,0.243438,75.910451,104.089549,-144.953555
20,21,A,21,22,22,23,0.145255,81.647933,98.352067,-126.654471
21,22,A,22,23,23,24,0.170062,80.208604,99.791396,-144.843342
22,23,A,23,24,24,25,0.178304,79.729012,100.270988,-138.646030
23,24,A,24,25,25,26,0.104315,84.012309,95.987691,-125.176072
24,25,A,25,26,26,27,0.126411,82.737763,97.262237,-121.574971
25,26,A,26,27,27,28,0.204505,78.199455,101.800545,-145.501750
26,27,A,27,28,28,29,0.260809,74.881926,105.118074,165.864688
27,28,A,28,29,29,30,0.740476,42.228014,-42.228014,-39.959982
28,29,A,29,30,30,31,0.020642,88.817202,88.817202,-79.115599
29,30,A,30,31,31,32,0.399870,66.429921,113.570079,176.603865
30,31,A,31,32,32,33,0.108787,83.754583,96.245417,139.651075
31,32,A,32,33,33,34,0.389727,67.062508,112.937492,151.783219
32,33,A,33,34,34,35,0.027579,88.419619,-88.419619,85.247940
33,34,A,34,35,35,36,0.541514,57.213217,122.786783,125.547736
34,35,A,35,36,36,37,0.429227,64.581493,-64.581493,15.119436
35,36,A,36,37,37,38,0.361311,68.819266,-68.819266,-4.105014
36,37,A,37,38,38,39,0.435421,64.187938,115.812062,121.479078
