plane_index,chain,res_i,icode_i,resname_i,res_j,icode_j,resname_j,nx,ny,nz,rms
1,A,1,,HIS,2,,AIB,0.660167,-0.289772,-0.692973,0.014883
2,A,2,,AIB,3,,GLN,-0.862204,-0.012699,-0.506402,0.019957
3,A,3,,GLN,4,,GLY,-0.377177,0.401757,0.834463,0.010074
4,A,4,,GLY,5,,THR,0.930407,-0.238195,0.278577,0.011422
5,A,5,,THR,6,,PHE,0.100351,-0.202007,-0.974229,0.023784
6,A,6,,PHE,7,,THR,-0.848166,0.369412,-0.379670,0.038290
7,A,7,,THR,8,,SER,-0.001312,-0.190293,0.981726,0.004201
8,A,8,,SER,9,,ASP,0.964147,-0.257784,-0.062993,0.013109
9,A,9,,ASP,10,,LEU,-0.193608,-0.237624,-0.951867,0.026707
10,A,10,,LEU,11,,SER,-0.885041,-0.119538,0.449903,0.023078
11,A,11,,SER,12,,LYS,0.567383,-0.130761,0.813006,0.013349
12,A,12,,LYS,13,,GLN,0.652101,-0.112812,-0.749692,0.013553
13,A,13,,GLN,14,,LYS,-0.794660,-0.026482,-0.606477,0.005614
14,A,14,,LYS,15,,ASP,-0.581535,0.172870,0.794942,0.038137
15,A,15,,ASP,16,,GLU,0.904207,-0.389287,0.175685,0.012585
16,A,16,,GLU,17,,GLN,0.117059,0.089578,-0.989077,0.015700
17,A,17,,GLN,18,,ARG,-0.992738,-0.118382,0.021359,0.010446
18,A,18,,ARG,19,,ALA,0.151488,-0.382516,0.911446,0.007710
19,A,19,,ALA,20,,LYS,0.951230,-0.037623,-0.306178,0.003395
20,A,20,,LYS,21,,LEU,-0.442215,0.177649,-0.879140,0.013733
21,A,21,,LEU,22,,PHE,-0.754172,-0.256867,0.604355,0.001884
22,A,22,,PHE,23,,ILE,0.756894,-0.331139,0.563434,0.015269
23,A,23,,ILE,24,,GLU,0.450000,0.023163,-0.892728,0.011731
24,A,24,,GLU,25,,TRP,-0.958424,-0.026852,-0.284083,0.007553
25,A,25,,TRP,26,,LEU,-0.146661,-0.409030,0.900658,0.028313
26,A,26,,LEU,27,,AIB,0.984329,-0.167211,-0.056006,0.023575
27,A,27,,AIB,28,,ALA,-0.250189,0.073594,-0.965396,0.019879
28,A,28,,ALA,29,,GLY,-0.801312,-0.396975,0.447561,0.027083
29,A,29,,GLY,30,,GLY,-0.774852,0.316021,0.547481,0.017800
30,A,30,,GLY,31,,PRO,-0.354786,-0.932048,0.073579,0.040741
31,A,31,,PRO,32,,SER,0.461666,0.318643,0.827848,0.015316
32,A,32,,SER,33,,SER,0.562131,0.518389,-0.644424,0.034364
33,A,33,,SER,34,,GLY,-0.181558,-0.934718,-0.305513,0.008403
34,A,34,,GLY,35,,ALA,0.452524,0.168798,-0.875631,0.009976
35,A,35,,ALA,36,,PRO,0.247978,0.483106,0.839712,0.008114
36,A,36,,PRO,37,,PRO,0.521993,0.843269,-0.128144,0.032151
37,A,37,,PRO,38,,PRO,-0.596307,0.756981,-0.267204,0.060226
38,A,38,,PRO,39,,SER,0.709546,0.220031,0.669425,0.010704
