pdb_id,chain,res_i,aa_i,theta_pp_deg,box_rms
1ctx,A,1,I,107.166595,0.009213
1ctx,A,2,R,-79.809207,0.038593
1ctx,A,3,C,97.179536,0.116315
1ctx,A,4,F,56.789189,0.018726
1ctx,A,5,I,-103.493493,0.00571
1ctx,A,6,T,-93.875319,0.069566
1ctx,A,7,P,137.266046,0.026109
1ctx,A,8,D,84.742759,0.015661
1ctx,A,9,I,-120.754379,0.005018
1ctx,A,10,T,-135.037833,0.005875
1ctx,A,11,S,156.292162,0.03362
1ctx,A,12,K,-65.998964,0.015176
1ctx,A,13,D,66.063195,0.040261
1ctx,A,14,C,-102.723425,0.066461
1ctx,A,15,P,-90.254377,0.005694
1ctx,A,16,N,-58.242827,0.006507
1ctx,A,17,G,-98.492727,0.040433
1ctx,A,18,H,164.476141,0.000808
1ctx,A,19,V,120.531247,0.015104
1ctx,A,20,C,-119.876125,0.017809
1ctx,A,21,Y,-125.143644,0.011924
1ctx,A,22,T,-149.40242,0.010705
1ctx,A,23,K,-144.585607,0.01637
1ctx,A,24,T,-151.303187,0.009244
1ctx,A,25,W,-106.321154,0.029566
1ctx,A,26,C,145.520681,0.009081
1ctx,A,27,D,129.100383,0.006283
1ctx,A,28,A,91.2195,0.03817
1ctx,A,29,F,-77.931297,0.011926
1ctx,A,30,C,89.533881,0.013616
1ctx,A,31,S,110.299785,0.034247
1ctx,A,32,I,34.270316,0.017034
1ctx,A,33,R,96.084582,0.029119
1ctx,A,34,G,-89.9661,0.016634
1ctx,A,35,K,-101.455716,0.026467
1ctx,A,36,R,-135.485649,0.040105
1ctx,A,37,V,-127.35496,0.026301
1ctx,A,38,D,-123.337479,0.002063
1ctx,A,39,L,-160.25099,0.02318
1ctx,A,40,G,114.1793,0.015477
1ctx,A,41,C,-100.804943,0.036938
1ctx,A,42,A,103.130385,0.0063
1ctx,A,43,A,102.991947,0.027787
1ctx,A,44,T,-89.158096,0.015546
1ctx,A,45,C,-66.433837,0.013715
1ctx,A,46,P,-67.212218,0.011941
1ctx,A,47,T,-73.814366,0.020933
1ctx,A,48,V,57.558427,0.015491
1ctx,A,49,K,87.690355,0.005394
1ctx,A,50,T,117.782072,0.030382
1ctx,A,51,G,-157.579046,0.017502
1ctx,A,52,V,-135.560837,0.013507
1ctx,A,53,D,-154.754217,0.008246
1ctx,A,54,I,-151.63961,0.011138
1ctx,A,55,Q,-148.484154,0.008939
1ctx,A,56,C,-148.030301,0.022306
1ctx,A,57,C,83.956145,0.016902
1ctx,A,58,S,-100.852542,0.017282
1ctx,A,59,T,100.333096,0.004815
1ctx,A,60,D,112.222863,0.001933
1ctx,A,61,N,127.162769,0.054615
1ctx,A,62,C,22.772495,0.004912
1ctx,A,63,N,-56.710917,0.024965
1ctx,A,64,P,-102.54906,0.018321
1ctx,A,65,F,-83.857124,0.025312
1ctx,A,66,P,-82.756634,0.013027
1ctx,A,67,T,-161.026366,0.017449
1ctx,A,68,R,26.99008,0.037955
1ctx,A,69,K,91.230356,0.060714
