pdb_id,chain,res_i,aa_i,theta_pp_deg,box_rms
1cw8,A,1,X,-110.705898,0.001045
1cw8,A,2,X,-103.812284,0.039272
1cw8,A,3,X,-89.798791,0.049904
1cw8,A,4,G,-96.74263,0.024635
1cw8,A,5,X,-99.907187,0.006476
1cw8,A,6,X,70.583606,0.026375
1cw8,A,7,G,110.597542,0.005012
