pdb_id,chain,res_i,aa_i,theta_pp_deg,box_rms
1gp8,A,264,I,115.566883,0.000274
1gp8,A,265,T,-106.648078,0.000195
1gp8,A,266,G,-94.239711,0.001057
1gp8,A,267,D,-76.570984,0.000301
1gp8,A,268,V,117.949852,0.00175
1gp8,A,269,S,97.728749,0.001991
1gp8,A,270,A,103.052467,0.001787
1gp8,A,271,A,87.905833,0.000681
1gp8,A,272,N,91.994646,0.00056
1gp8,A,273,K,107.320217,0.000426
1gp8,A,274,D,91.958157,0.000543
1gp8,A,275,A,117.572446,0.00029
1gp8,A,276,I,94.491844,0.000191
1gp8,A,277,R,93.225021,0.000613
1gp8,A,278,K,109.64235,0.000656
1gp8,A,279,Q,92.205146,0.000309
1gp8,A,280,M,94.827416,0.000318
1gp8,A,281,D,90.665349,0.001835
1gp8,A,282,A,115.073038,0.00236
1gp8,A,283,A,71.515511,0.001928
1gp8,A,284,A,108.54102,0.002421
1gp8,A,285,S,46.180147,0.000553
1gp8,A,286,K,-68.767552,0.00136
1gp8,A,287,G,111.784804,0.0016
1gp8,A,288,D,113.970966,0.001769
1gp8,A,289,V,90.984402,0.000945
1gp8,A,290,E,104.794718,0.001639
1gp8,A,291,T,95.80704,0.000832
1gp8,A,292,Y,91.183906,0.00049
1gp8,A,293,R,95.304175,0.000877
1gp8,A,294,K,104.923364,0.000725
1gp8,A,295,L,96.719916,0.000908
1gp8,A,296,K,99.562986,0.001124
1gp8,A,297,A,94.947466,0.0005
1gp8,A,298,K,113.529719,0.000597
1gp8,A,299,L,103.369995,0.000209
1gp8,A,300,K,105.887803,0.000325
1gp8,A,301,G,80.506958,0.000331
