pdb_id,chain,res_i,aa_i,theta_pp_deg,box_rms
1kdf,A,1,N,-110.447796,0.000169
1kdf,A,2,Q,-98.76475,6e-05
1kdf,A,3,A,-110.074258,0.000147
1kdf,A,4,S,110.844896,0.000185
1kdf,A,5,V,-100.30545,0.000184
1kdf,A,6,V,-93.82631,0.000961
1kdf,A,7,A,85.172977,0.000751
1kdf,A,8,N,-150.83069,0.000267
1kdf,A,9,Q,106.673554,0.001231
1kdf,A,10,L,-109.375565,0.00123
1kdf,A,11,I,-85.638192,0.000649
1kdf,A,12,P,-85.266344,0.000245
1kdf,A,13,I,-104.397784,3.4e-05
1kdf,A,14,N,-136.092898,0.000168
1kdf,A,15,T,-99.019144,0.000262
1kdf,A,16,A,-87.593958,0.000151
1kdf,A,17,L,-151.89194,0.000234
1kdf,A,18,T,103.339754,0.000303
1kdf,A,19,L,98.077421,0.000298
1kdf,A,20,V,93.054159,0.00078
1kdf,A,21,M,-143.266948,0.000782
1kdf,A,22,M,-157.310029,0.000222
1kdf,A,23,R,-110.594494,0.000213
1kdf,A,24,S,-146.061699,0.00028
1kdf,A,25,E,-98.16043,0.000188
1kdf,A,26,V,-156.802136,0.000332
1kdf,A,27,V,-135.218402,0.000459
1kdf,A,28,T,94.703151,0.000567
1kdf,A,29,P,-101.752044,0.000848
1kdf,A,30,V,-83.674446,0.001334
1kdf,A,31,G,-88.440464,0.001579
1kdf,A,32,I,-82.533063,0.00075
1kdf,A,33,P,95.856579,0.000652
1kdf,A,34,A,79.961468,0.000329
1kdf,A,35,E,90.559521,0.002466
1kdf,A,36,D,97.688919,0.002084
1kdf,A,37,I,97.103523,0.001971
1kdf,A,38,P,90.227103,0.001791
1kdf,A,39,R,94.723693,0.000327
1kdf,A,40,L,-102.581259,0.000151
1kdf,A,41,V,-100.348734,0.000876
1kdf,A,42,S,-111.892539,0.000813
1kdf,A,43,M,-97.432668,0.000545
1kdf,A,44,Q,-101.602378,0.000178
1kdf,A,45,V,88.695947,0.001198
1kdf,A,46,N,-133.798566,0.000297
1kdf,A,47,R,-102.600469,0.000143
1kdf,A,48,A,116.101191,0.000197
1kdf,A,49,V,-79.094276,0.000274
1kdf,A,50,P,-78.348789,0.000532
1kdf,A,51,L,-88.472893,0.000387
1kdf,A,52,G,128.432406,0.00031
1kdf,A,53,T,-88.29712,0.000383
1kdf,A,54,T,-107.157248,2.5e-05
1kdf,A,55,L,-101.962326,0.000136
1kdf,A,56,M,88.206898,0.000291
1kdf,A,57,P,97.790325,3.1e-05
1kdf,A,58,D,89.358741,0.00039
1kdf,A,59,M,-106.363179,7.9e-05
1kdf,A,60,V,-94.638401,0.000157
1kdf,A,61,K,-83.25445,0.000399
1kdf,A,62,G,-106.58785,0.000275
1kdf,A,63,Y,125.403013,0.000266
