pdb_id,chain,res_i,aa_i,theta_pp_deg,box_rms
1p98,A,1,M,59.204991,0.012009
1p98,A,2,A,-97.127499,0.006943
1p98,A,3,V,108.501256,0.022688
1p98,A,4,T,-63.875613,0.037578
1p98,A,5,I,-129.031255,0.033681
1p98,A,6,T,-135.294778,0.00674
1p98,A,7,L,127.182741,0.014354
1p98,A,8,K,-56.546051,0.022902
1p98,A,9,T,101.94751,0.004813
1p98,A,10,L,-100.964581,0.038273
1p98,A,11,Q,84.740889,0.016703
1p98,A,12,Q,-128.530878,0.011444
1p98,A,13,Q,133.860849,0.015647
1p98,A,14,T,140.107636,0.02421
1p98,A,15,F,-107.617871,0.022581
1p98,A,16,K,-131.986498,0.016265
1p98,A,17,I,100.189498,0.008391
1p98,A,18,R,-105.105078,0.009341
1p98,A,19,M,-129.080189,0.021276
1p98,A,20,E,111.76971,0.016671
1p98,A,21,P,78.223119,0.020344
1p98,A,22,D,-61.94015,0.012225
1p98,A,23,E,103.021351,0.028544
1p98,A,24,T,-112.077277,0.011606
1p98,A,25,V,104.380503,0.033104
1p98,A,26,K,102.88477,0.019865
1p98,A,27,V,100.582171,0.004627
1p98,A,28,L,103.632116,0.014705
1p98,A,29,K,99.629933,0.014982
1p98,A,30,E,82.193873,0.01398
1p98,A,31,K,104.748495,0.039987
1p98,A,32,I,97.68551,0.014705
1p98,A,33,E,97.346519,0.019961
1p98,A,34,A,85.12986,0.010241
1p98,A,35,E,66.548454,0.024412
1p98,A,36,K,141.53254,0.012562
1p98,A,37,G,102.37868,0.017232
1p98,A,38,R,73.94119,0.002382
1p98,A,39,D,76.695436,0.014198
1p98,A,40,A,96.612902,0.019844
1p98,A,41,F,-93.582873,0.029861
1p98,A,42,P,122.658393,0.039967
1p98,A,43,V,89.141189,0.016343
1p98,A,44,A,91.458649,0.014609
1p98,A,45,G,113.54978,0.009664
1p98,A,46,Q,-88.423453,0.011378
1p98,A,47,K,-129.548854,0.010525
1p98,A,48,L,122.087624,0.022946
1p98,A,49,I,-119.506834,0.020084
1p98,A,50,Y,-100.057782,0.013525
1p98,A,51,A,-101.257261,0.008219
1p98,A,52,G,-91.641567,0.006959
1p98,A,53,K,-118.981145,0.021927
1p98,A,54,I,-137.161078,0.01967
1p98,A,55,L,-112.029261,0.005917
1p98,A,56,S,112.003276,0.022114
1p98,A,57,D,77.985215,0.006229
1p98,A,58,D,-100.324542,0.018369
1p98,A,59,V,-96.384156,0.006387
1p98,A,60,P,103.345709,0.030505
1p98,A,61,I,100.546704,0.003225
1p98,A,62,R,106.82183,0.003673
1p98,A,63,D,78.07583,0.014825
1p98,A,64,Y,-118.126781,0.015342
1p98,A,65,R,111.484062,0.02922
1p98,A,66,I,-98.489477,0.013214
1p98,A,67,D,97.592176,0.015779
1p98,A,68,E,114.840723,0.02063
1p98,A,69,K,-115.276297,0.018324
1p98,A,70,N,-136.905219,0.040039
1p98,A,71,F,-108.308889,0.033236
1p98,A,72,V,-111.974612,0.00431
1p98,A,73,V,110.78242,0.025795
1p98,A,74,V,-106.345778,0.036375
1p98,A,75,M,-139.383719,0.018391
1p98,A,76,V,-116.697765,0.008245
