pdb_id,chain,res_i,aa_i,theta_pp_deg,box_rms
1pkt,A,4,E,-129.446616,0.000349
1pkt,A,5,G,-105.22744,0.006442
1pkt,A,6,Y,-114.210121,0.001335
1pkt,A,7,Q,-106.147093,0.000708
1pkt,A,8,Y,-119.614935,0.002402
1pkt,A,9,R,-101.416138,0.000716
1pkt,A,10,A,80.88158,0.005373
1pkt,A,11,L,-125.16959,0.000517
1pkt,A,12,Y,-125.958279,0.000329
1pkt,A,13,D,122.324953,0.001684
1pkt,A,14,Y,-96.061873,0.000455
1pkt,A,15,K,-99.993858,0.000856
1pkt,A,16,K,70.081968,0.000523
1pkt,A,17,E,-93.790201,0.000456
1pkt,A,18,R,115.883429,0.003028
1pkt,A,19,E,83.631291,0.001039
1pkt,A,20,E,-126.160222,0.0007
1pkt,A,21,D,-139.04852,0.00036
1pkt,A,22,I,-98.779097,0.000397
1pkt,A,23,D,-108.392886,0.001818
1pkt,A,24,L,136.430949,0.000598
1pkt,A,25,H,-71.475463,0.002374
1pkt,A,26,L,-88.765539,0.000262
1pkt,A,27,G,-85.461377,0.00035
1pkt,A,28,D,-127.382034,0.001491
1pkt,A,29,I,-115.538896,0.001202
1pkt,A,30,L,110.81478,0.00079
1pkt,A,31,T,115.130648,0.006539
1pkt,A,32,V,-48.788807,0.003284
1pkt,A,33,N,78.433003,0.000901
1pkt,A,34,K,99.648601,0.001027
1pkt,A,35,G,123.018171,0.001574
1pkt,A,36,S,77.156644,0.00101
1pkt,A,37,L,105.413444,0.000962
1pkt,A,38,V,113.943007,0.002511
1pkt,A,39,A,94.405228,0.0011
1pkt,A,40,L,-100.310659,0.000829
1pkt,A,41,G,-51.751164,0.001063
1pkt,A,42,F,-125.969594,0.001006
1pkt,A,43,S,104.79727,0.000266
1pkt,A,44,D,-70.255617,0.000276
1pkt,A,45,G,111.349946,0.000108
1pkt,A,46,Q,100.487526,0.000398
1pkt,A,47,E,97.748585,0.000871
1pkt,A,48,A,87.879631,0.000548
1pkt,A,49,R,104.044875,0.00043
1pkt,A,50,P,104.23091,0.000684
1pkt,A,51,E,74.125505,0.000716
1pkt,A,52,E,-71.916567,0.000318
1pkt,A,53,I,-73.707628,0.000612
1pkt,A,54,G,135.945058,0.000455
1pkt,A,55,W,-136.872928,0.000443
1pkt,A,56,L,-116.459703,0.001692
1pkt,A,57,N,-128.481989,0.001366
1pkt,A,58,G,114.968089,0.000698
1pkt,A,59,Y,109.2054,0.001475
1pkt,A,60,N,106.334348,0.00073
1pkt,A,61,E,109.143054,0.000933
1pkt,A,62,T,66.892495,0.000768
1pkt,A,63,T,-104.924121,0.001206
1pkt,A,64,G,123.313768,0.000333
1pkt,A,65,E,-111.748091,0.000281
1pkt,A,66,R,165.490173,0.000699
1pkt,A,67,G,-92.426304,0.000513
1pkt,A,68,D,160.30336,0.000897
1pkt,A,69,F,-87.856772,0.000544
1pkt,A,70,P,93.392135,0.000516
1pkt,A,71,G,116.298803,0.001147
1pkt,A,72,T,95.116526,0.003448
1pkt,A,73,Y,-140.06225,0.000573
1pkt,A,74,V,95.30578,0.00166
1pkt,A,75,E,-65.671266,0.007977
1pkt,A,76,Y,47.613865,0.001758
1pkt,A,77,I,100.313135,0.000895
