pdb_id,chain,res_i,aa_i,theta_pp_deg,box_rms
1zaq,A,1,E,110.520882,0.000127
1zaq,A,2,P,69.947294,0.000892
1zaq,A,3,V,-140.957604,0.000596
1zaq,A,4,D,101.274737,0.000395
1zaq,A,5,P,101.663405,0.000491
1zaq,A,6,C,116.359071,0.000325
1zaq,A,7,F,115.897548,0.000845
1zaq,A,8,R,46.860985,0.000166
1zaq,A,9,A,71.794814,0.000372
1zaq,A,10,N,-143.828181,0.000498
1zaq,A,11,C,36.396832,0.000479
1zaq,A,12,E,-124.965681,0.000489
1zaq,A,13,Y,-81.821549,0.00253
1zaq,A,14,Q,-120.915755,0.00251
1zaq,A,15,C,81.873618,0.001859
1zaq,A,16,Q,-103.610169,0.002457
1zaq,A,17,P,83.085245,0.003511
1zaq,A,18,L,87.482882,0.001446
1zaq,A,19,N,-108.66424,0.000993
1zaq,A,20,Q,40.358121,0.000894
1zaq,A,21,T,-140.591538,0.000674
1zaq,A,22,S,-108.592195,0.000864
1zaq,A,23,Y,81.823314,0.002588
1zaq,A,24,L,-99.076833,0.00068
1zaq,A,25,C,-101.009438,0.000325
1zaq,A,26,V,-56.511986,0.00023
1zaq,A,27,C,-139.299787,0.002226
1zaq,A,28,A,109.819579,0.001469
1zaq,A,29,E,-72.797436,0.002939
1zaq,A,30,G,-87.190391,0.001616
1zaq,A,31,F,100.337002,0.001109
1zaq,A,32,A,-73.548345,0.003126
1zaq,A,33,P,-83.599477,0.002204
1zaq,A,34,I,96.872619,0.004078
1zaq,A,35,P,37.435356,0.002172
1zaq,A,36,H,118.277773,0.001397
1zaq,A,37,E,76.837253,0.001014
1zaq,A,38,P,95.658177,0.001339
1zaq,A,39,H,128.288728,0.000446
1zaq,A,40,R,-145.537825,0.001027
1zaq,A,41,C,110.307309,0.001588
1zaq,A,42,Q,106.900404,0.001762
