pdb_id,chain,res_i,aa_i,theta_pp_deg,box_rms
1zx6,A,3,E,-129.4229,0.017926
1zx6,A,4,Y,-128.752477,0.000728
1zx6,A,5,V,-125.095816,0.005266
1zx6,A,6,E,-91.022746,0.01924
1zx6,A,7,A,66.48357,0.010018
1zx6,A,8,L,-139.16135,0.029209
1zx6,A,9,Y,-101.30738,0.00736
1zx6,A,10,Q,-108.693485,0.048906
1zx6,A,11,F,-105.595836,0.023351
1zx6,A,12,D,-85.820421,0.009578
1zx6,A,13,P,47.232646,0.0138
1zx6,A,14,Q,-131.708858,0.016259
1zx6,A,15,Q,-75.24041,0.04745
1zx6,A,16,D,-84.877013,0.010686
1zx6,A,17,G,-96.648042,0.03115
1zx6,A,18,D,109.549913,0.030673
1zx6,A,19,L,-76.285276,0.019376
1zx6,A,20,G,-138.431507,0.022151
1zx6,A,21,L,-122.596443,0.043893
1zx6,A,22,K,-80.813087,0.004145
1zx6,A,23,P,-84.6506,0.008258
1zx6,A,24,G,-88.455069,0.010065
1zx6,A,25,D,-106.993305,0.034649
1zx6,A,26,K,-125.333692,0.068543
1zx6,A,27,V,-95.892959,0.037438
1zx6,A,28,Q,-103.990098,0.008235
1zx6,A,29,L,73.914487,0.013431
1zx6,A,30,L,144.48236,0.002496
1zx6,A,31,E,100.231102,0.054934
1zx6,A,32,K,95.757286,0.028575
1zx6,A,33,L,-165.979163,0.018436
1zx6,A,34,S,106.695707,0.024703
1zx6,A,35,P,68.741176,0.055161
1zx6,A,36,E,-131.485571,0.007491
1zx6,A,37,W,-124.849453,0.04317
1zx6,A,38,Y,-115.188054,0.046081
1zx6,A,39,K,-157.68302,0.002537
1zx6,A,40,G,-133.563732,0.012416
1zx6,A,41,S,130.239059,0.001783
1zx6,A,42,C,-104.511554,0.024614
1zx6,A,43,N,-100.284506,0.023582
1zx6,A,44,G,-111.971543,0.005305
1zx6,A,45,R,-126.428919,0.009632
1zx6,A,46,T,-169.665902,0.027598
1zx6,A,47,G,-117.88535,0.021827
1zx6,A,48,I,-151.811696,0.027743
1zx6,A,49,F,-90.181415,0.013858
1zx6,A,50,P,104.682971,0.025661
1zx6,A,51,A,107.783987,0.02173
1zx6,A,52,N,88.115639,0.047084
1zx6,A,53,Y,-132.475104,0.042885
1zx6,A,54,V,-135.289112,0.036648
1zx6,A,55,K,-76.653308,0.016273
1zx6,A,56,P,-61.539554,0.040845
