pdb_id,chain,res_i,aa_i,theta_pp_deg,box_rms
2di0,A,1,G,-79.090381,0.000263
2di0,A,2,S,-79.763412,0.000306
2di0,A,3,S,-57.258442,0.000268
2di0,A,4,G,108.214314,0.000184
2di0,A,5,S,-86.401276,0.000301
2di0,A,6,S,51.986326,0.000296
2di0,A,7,G,-81.040394,0.000231
2di0,A,8,M,-76.605521,0.000177
2di0,A,9,C,-97.376271,0.000173
2di0,A,10,G,78.866222,9.7e-05
2di0,A,11,V,103.187181,0.000255
2di0,A,12,E,104.652636,0.00019
2di0,A,13,L,103.407941,0.000182
2di0,A,14,D,97.951034,0.000206
2di0,A,15,S,103.805868,6.4e-05
2di0,A,16,L,87.106547,0.000252
2di0,A,17,I,106.895774,0.000329
2di0,A,18,S,101.489651,0.000249
2di0,A,19,Q,91.447351,0.000116
2di0,A,20,V,103.088052,0.000201
2di0,A,21,K,118.895774,0.000228
2di0,A,22,D,76.071221,0.000159
2di0,A,23,L,92.244042,0.000275
2di0,A,24,L,93.949949,0.000155
2di0,A,25,P,104.603581,0.000167
2di0,A,26,D,-76.88479,0.000134
2di0,A,27,L,-108.279979,0.00016
2di0,A,28,G,107.452728,0.000109
2di0,A,29,E,111.644622,9.8e-05
2di0,A,30,G,89.975324,0.000139
2di0,A,31,F,97.062378,0.000188
2di0,A,32,I,89.065558,0.000195
2di0,A,33,L,99.169459,0.000188
2di0,A,34,A,95.694365,0.000222
2di0,A,35,C,99.431642,0.000223
2di0,A,36,L,101.944744,0.000165
2di0,A,37,E,99.773638,5.2e-05
2di0,A,38,Y,106.518497,0.000204
2di0,A,39,Y,-99.159076,0.000209
2di0,A,40,H,-103.64305,0.00014
2di0,A,41,Y,-119.145916,6.1e-05
2di0,A,42,D,80.154642,0.000213
2di0,A,43,P,96.172496,0.000189
2di0,A,44,E,100.784991,0.000217
2di0,A,45,Q,90.099066,0.000162
2di0,A,46,V,105.637661,0.000328
2di0,A,47,I,102.266204,0.000301
2di0,A,48,N,91.15172,0.000125
2di0,A,49,N,105.892003,0.000275
2di0,A,50,I,99.315608,7.7e-05
2di0,A,51,L,96.986939,0.000181
2di0,A,52,E,-120.525053,0.0002
2di0,A,53,E,90.040414,0.000255
2di0,A,54,R,-77.86316,9.2e-05
2di0,A,55,L,-59.095625,0.00022
2di0,A,56,A,99.917547,1.3e-05
2di0,A,57,P,74.470408,0.000128
2di0,A,58,T,81.186148,0.000133
2di0,A,59,L,100.987649,0.000124
2di0,A,60,S,94.099963,0.000207
2di0,A,61,Q,-54.439697,0.000111
2di0,A,62,L,-100.889009,0.000293
2di0,A,63,D,117.163007,0.000224
2di0,A,64,R,84.051177,0.000227
2di0,A,65,N,-85.625566,9.2e-05
2di0,A,66,L,-99.58467,0.000208
2di0,A,67,D,73.689381,0.000223
2di0,A,68,R,-79.665988,0.000141
2di0,A,69,E,140.005999,0.00012
