pdb_id,chain,res_i,aa_i,theta_pp_deg,box_rms
2erw,A,4,N,96.700178,0.00657
2erw,A,5,P,83.080364,0.023417
2erw,A,6,C,99.086565,0.039278
2erw,A,7,A,-139.794225,0.011974
2erw,A,8,C,-91.042847,0.065683
2erw,A,9,F,87.640622,0.030909
2erw,A,10,R,-73.632401,0.01071
2erw,A,11,N,-111.69954,0.054589
2erw,A,12,Y,83.152349,0.009542
2erw,A,13,V,-85.602113,0.064621
2erw,A,14,P,-137.890121,0.03024
2erw,A,15,V,-116.133591,0.033439
2erw,A,16,C,-93.858,0.002123
2erw,A,17,G,110.294597,0.009186
2erw,A,18,S,91.234998,0.035457
2erw,A,19,D,-95.986752,0.010661
2erw,A,20,G,-115.653539,0.004233
2erw,A,21,K,-96.796934,0.040844
2erw,A,22,T,-117.431179,0.03882
2erw,A,23,Y,107.917342,0.049577
2erw,A,24,G,-163.785626,0.050198
2erw,A,25,N,102.230345,0.013393
2erw,A,26,P,99.035304,0.014754
2erw,A,27,C,99.794472,0.00446
2erw,A,28,M,96.714502,0.030563
2erw,A,29,L,99.6402,0.001043
2erw,A,30,N,99.951916,0.022462
2erw,A,31,C,98.832466,0.005306
2erw,A,32,A,102.034673,0.007922
2erw,A,33,A,79.619373,0.027886
2erw,A,34,Q,44.981048,0.061011
2erw,A,35,T,46.786843,0.037059
2erw,A,36,K,112.409316,0.052604
2erw,A,37,V,-81.967073,0.0065
2erw,A,38,P,-98.428593,0.037725
2erw,A,39,G,-83.662523,0.01091
2erw,A,40,L,-133.095216,0.009056
2erw,A,41,K,-99.264894,0.024695
2erw,A,42,L,76.095506,0.02629
2erw,A,43,V,156.03277,0.044845
2erw,A,44,H,-83.719278,0.024064
2erw,A,45,E,84.914346,0.020239
2erw,A,46,G,-81.161902,0.009187
2erw,A,47,R,-73.359626,0.057728
2erw,A,48,C,-106.073766,0.007766
2erw,A,49,Q,102.640327,0.031472
2erw,A,50,R,-76.103003,0.026311
2erw,A,51,S,-109.850618,0.026015
2erw,A,52,N,-63.589244,0.027713
2erw,A,53,V,84.678961,0.013508
2erw,A,54,E,-125.107609,0.036091
