pdb_id,chain,res_i,aa_i,theta_pp_deg,box_rms
2k28,A,1,G,-165.40269,0.014482
2k28,A,2,S,102.890035,0.020726
2k28,A,3,E,60.431268,0.021639
2k28,A,4,H,-100.606451,0.012145
2k28,A,5,V,104.028963,0.069841
2k28,A,6,F,-115.960563,0.009937
2k28,A,7,A,-92.126521,0.026272
2k28,A,8,V,62.818608,0.023074
2k28,A,9,E,166.166152,0.087303
2k28,A,10,S,-93.754551,0.101414
2k28,A,11,I,65.734182,0.012777
2k28,A,12,E,-135.852806,0.055852
2k28,A,13,K,-158.583991,0.012636
2k28,A,14,K,-150.13671,0.063211
2k28,A,15,R,-116.089172,0.098753
2k28,A,16,I,141.441046,0.033748
2k28,A,17,R,-102.48809,0.020917
2k28,A,18,K,-96.505301,0.007317
2k28,A,19,G,-136.966205,0.035824
2k28,A,20,R,-114.527363,0.016109
2k28,A,21,V,-123.939767,0.071339
2k28,A,22,E,-130.054216,0.128447
2k28,A,23,Y,-102.625003,0.022858
2k28,A,24,L,-106.483804,0.044668
2k28,A,25,V,-97.410273,0.080249
2k28,A,26,K,-106.183016,0.048553
2k28,A,27,W,-88.734761,0.026305
2k28,A,28,R,-78.479091,0.061538
2k28,A,29,G,-122.206342,0.007176
2k28,A,30,W,-86.53502,0.027912
2k28,A,31,S,111.362525,0.04583
2k28,A,32,P,97.340465,0.002198
2k28,A,33,K,84.474773,0.049561
2k28,A,34,Y,-81.425108,0.075277
2k28,A,35,N,-149.566918,0.030073
2k28,A,36,T,-96.557572,0.060278
2k28,A,37,W,124.729943,0.01956
2k28,A,38,E,-64.179689,0.019376
2k28,A,39,P,107.190587,0.024976
2k28,A,40,E,100.690176,0.018557
2k28,A,41,E,88.525456,0.021993
2k28,A,42,N,107.3131,0.018771
2k28,A,43,I,75.712781,0.02006
2k28,A,44,L,-110.597588,0.088911
2k28,A,45,D,100.73081,0.020851
2k28,A,46,P,101.605184,0.028444
2k28,A,47,R,92.593624,0.020842
2k28,A,48,L,107.047057,0.018934
2k28,A,49,L,95.155039,0.018422
2k28,A,50,I,100.762175,0.033953
2k28,A,51,A,92.742384,0.066515
2k28,A,52,F,103.512647,0.037143
2k28,A,53,Q,94.08015,0.024088
2k28,A,54,N,92.651865,0.006211
2k28,A,55,R,101.330854,0.013081
2k28,A,56,E,75.983965,0.003231
2k28,A,57,R,102.751098,0.084229
2k28,A,58,Q,109.778208,0.046051
