pdb_id,chain,res_i,aa_i,theta_pp_deg,box_rms
2lje,A,716,K,80.753817,0.063414
2lje,A,717,L,102.73182,0.025455
2lje,A,718,L,90.658713,0.009899
2lje,A,719,I,99.397114,0.030388
2lje,A,720,T,101.911371,0.035113
2lje,A,721,I,93.768134,0.009911
2lje,A,722,H,93.12859,0.011595
2lje,A,723,D,103.286567,0.035333
2lje,A,724,R,90.872171,0.065919
2lje,A,725,K,66.184186,0.01939
2lje,A,726,E,73.610878,0.089883
2lje,A,727,F,106.754128,0.064885
2lje,A,728,A,108.66282,0.012787
2lje,A,729,K,83.757101,0.010712
2lje,A,730,F,99.900085,0.003736
2lje,A,731,E,105.135678,0.005054
2lje,A,732,E,98.447955,0.048544
2lje,A,733,E,89.526023,0.00445
2lje,A,734,R,95.827251,0.013422
2lje,A,735,A,90.447425,0.009361
2lje,A,736,R,94.736126,0.01785
2lje,A,737,A,54.727736,0.01987
2lje,A,738,K,87.112775,0.029247
2lje,A,739,W,104.634542,0.02508
2lje,A,740,D,92.426031,0.017882
2lje,A,741,T,80.676041,0.05465
2lje,A,742,A,68.941065,0.022763
2lje,A,743,N,-113.848772,0.002553
2lje,A,744,N,72.887787,0.016749
2lje,A,745,P,70.419218,0.071889
2lje,A,746,L,-58.185096,0.040463
2lje,A,747,X,-145.700499,0.01085
2lje,A,748,K,89.165966,0.007507
2lje,A,749,E,106.375998,0.044283
2lje,A,750,A,76.896739,0.032524
2lje,A,751,T,85.464031,0.007268
2lje,A,752,S,86.91203,0.01149
2lje,A,753,T,-78.341223,0.023654
2lje,A,754,F,69.086879,0.038414
2lje,A,755,T,73.334254,0.011309
2lje,A,756,N,-58.950276,0.004752
2lje,A,757,I,113.906108,0.005921
2lje,A,758,T,98.943598,0.008534
2lje,A,759,X,125.80249,0.023427
2lje,A,760,R,69.10035,0.008391
