pdb_id,chain,res_i,aa_i,theta_pp_deg,box_rms
2r9i,A,1,X,-92.511279,0.020273
2r9i,A,2,N,99.650562,0.0632
2r9i,A,3,L,104.62324,0.027223
2r9i,A,4,K,90.428717,0.001087
2r9i,A,5,D,99.288498,0.016462
2r9i,A,6,L,92.356943,0.001775
2r9i,A,7,L,97.235414,0.023406
2r9i,A,8,A,96.721983,0.00369
2r9i,A,9,H,97.978032,0.017287
2r9i,A,10,R,99.811884,0.011618
2r9i,A,11,E,98.843519,0.044109
2r9i,A,12,N,95.726669,0.016411
2r9i,A,13,L,92.576846,0.012017
2r9i,A,14,X,96.896565,0.021548
2r9i,A,15,D,98.575034,0.028521
2r9i,A,16,S,99.500243,0.044686
2r9i,A,17,A,86.195835,0.017126
2r9i,A,18,K,103.99636,0.027491
2r9i,A,19,R,93.56133,0.014592
2r9i,A,20,A,94.125875,0.01402
2r9i,A,21,R,97.950912,0.041838
2r9i,A,22,S,103.612771,0.017361
2r9i,A,23,A,113.380019,0.016709
2r9i,A,24,I,-98.285072,0.055204
2r9i,A,25,T,116.032617,0.048003
2r9i,A,26,D,73.444428,0.064301
2r9i,A,27,D,-101.736432,0.029453
2r9i,A,28,X,-91.546722,0.00542
2r9i,A,29,D,110.840393,0.019652
2r9i,A,30,P,93.285068,0.010081
2r9i,A,31,A,97.122905,0.018437
2r9i,A,32,D,97.166815,0.001822
2r9i,A,33,A,97.655323,0.015789
2r9i,A,34,A,93.143427,0.007378
2r9i,A,35,Q,106.153313,0.005736
2r9i,A,36,A,98.926413,0.011997
2r9i,A,37,V,96.488118,0.018447
2r9i,A,38,E,98.482013,0.010663
2r9i,A,39,N,94.939365,0.019313
2r9i,A,40,V,107.396152,0.017132
2r9i,A,41,K,87.38056,0.007604
2r9i,A,42,S,93.792422,0.033909
2r9i,A,43,I,103.666565,0.008362
2r9i,A,44,I,105.155927,0.022046
2r9i,A,45,S,90.226335,0.007227
2r9i,A,46,E,96.859295,0.050052
2r9i,A,47,I,99.849832,0.01329
2r9i,A,48,E,100.135278,0.004938
2r9i,A,49,S,91.900986,0.024683
2r9i,A,50,T,103.110514,0.03457
2r9i,A,51,D,95.343055,0.023279
2r9i,A,52,E,101.847427,0.010264
2r9i,A,53,A,94.109266,0.006825
2r9i,A,54,I,96.919428,0.008823
2r9i,A,55,A,97.234471,0.023556
2r9i,A,56,A,95.209007,0.005458
2r9i,A,57,R,90.699207,0.007457
2r9i,A,58,R,97.372497,0.007466
2r9i,A,59,G,100.657268,0.01923
2r9i,A,60,V,93.222347,0.013174
2r9i,A,61,S,96.379026,0.043088
2r9i,A,62,D,86.06662,0.022404
2r9i,A,63,V,103.57685,0.010973
2r9i,A,64,T,102.852127,0.036947
2r9i,A,65,Q,70.369477,0.043048
2r9i,A,66,K,100.758542,0.092423
2r9i,A,67,L,102.949547,0.01709
2r9i,A,68,K,109.858156,0.040916
2r9i,A,69,G,64.853442,0.016008
2r9i,A,70,L,-96.136123,0.018934
