pdb_id,chain,res_i,aa_i,theta_pp_deg,box_rms
3g9y,A,67,N,-74.742764,0.041699
3g9y,A,68,D,-137.451059,0.045387
3g9y,A,69,W,-109.319274,0.018834
3g9y,A,70,Q,-95.788498,0.003885
3g9y,A,71,C,100.848807,0.008679
3g9y,A,72,K,77.296531,0.036771
3g9y,A,73,T,59.894223,0.011686
3g9y,A,74,C,-106.873754,0.008945
3g9y,A,75,S,-80.5703,0.033794
3g9y,A,76,N,-105.425722,0.029809
3g9y,A,77,V,-111.712126,0.039715
3g9y,A,78,N,-76.119076,0.02624
3g9y,A,79,W,107.736761,0.027126
3g9y,A,80,A,105.389861,0.025088
3g9y,A,81,R,-95.96137,0.008145
3g9y,A,82,R,76.869302,0.025449
3g9y,A,83,S,-134.248783,0.022349
3g9y,A,84,E,-84.000303,0.012082
3g9y,A,85,C,100.663617,0.010003
3g9y,A,86,N,73.445045,0.047021
3g9y,A,87,M,70.984118,0.033706
3g9y,A,88,C,-111.100454,0.019306
3g9y,A,89,N,-91.956266,0.013564
3g9y,A,90,T,-75.816132,0.006995
3g9y,A,91,P,104.856436,0.008199
3g9y,A,92,K,99.004539,0.003866
3g9y,A,93,Y,111.088462,0.024082
