pdb_id,chain,res_i,aa_i,theta_pp_deg,box_rms
3kxt,A,5,M,-92.290575,0.075625
3kxt,A,6,K,-78.114563,0.02617
3kxt,A,7,P,-128.001968,0.01561
3kxt,A,8,V,-97.473054,0.035438
3kxt,A,9,K,-138.901341,0.017776
3kxt,A,10,V,-107.399078,0.079828
3kxt,A,11,K,-89.802688,0.008839
3kxt,A,12,T,106.058285,0.013352
3kxt,A,13,P,102.972158,0.028877
3kxt,A,14,A,-70.387978,0.055038
3kxt,A,15,G,-122.012507,0.035206
3kxt,A,16,K,-100.209604,0.014212
3kxt,A,17,E,-143.21165,0.016053
3kxt,A,18,A,-100.095883,0.096502
3kxt,A,19,E,-133.236767,0.048968
3kxt,A,20,L,-98.407036,0.042595
3kxt,A,21,V,-88.345182,0.007572
3kxt,A,22,P,88.85549,0.045211
3kxt,A,23,E,-144.548133,0.035811
3kxt,A,24,K,-137.82063,0.031509
3kxt,A,25,V,-160.851502,0.01703
3kxt,A,26,W,-102.746289,0.02421
3kxt,A,27,A,108.377487,0.004888
3kxt,A,28,L,140.87439,0.035131
3kxt,A,29,A,-78.039528,0.040714
3kxt,A,30,P,-84.064319,0.01122
3kxt,A,31,K,-104.336982,0.022976
3kxt,A,32,G,-133.770128,0.030913
3kxt,A,33,R,-85.729664,0.074887
3kxt,A,34,K,-114.164437,0.006299
3kxt,A,35,G,-135.537629,0.011591
3kxt,A,36,V,-115.159772,0.052461
3kxt,A,37,K,-129.384341,0.029174
3kxt,A,38,I,-128.378076,0.078054
3kxt,A,39,G,-107.109547,0.0455
3kxt,A,40,L,-130.886724,0.022471
3kxt,A,41,F,-118.814155,0.048943
3kxt,A,42,K,-89.843932,0.004914
3kxt,A,43,D,107.486443,0.062496
3kxt,A,44,P,68.130403,0.032589
3kxt,A,45,E,68.565291,0.016512
3kxt,A,46,T,-96.290374,0.020033
3kxt,A,47,G,-95.707503,0.018262
3kxt,A,48,K,-96.887926,0.003682
3kxt,A,49,Y,-150.13729,0.030646
3kxt,A,50,F,-108.689226,0.064082
3kxt,A,51,R,147.122059,0.015402
3kxt,A,52,H,-77.742644,0.024673
3kxt,A,53,K,-117.588065,0.012471
3kxt,A,54,L,-67.849454,0.028926
3kxt,A,55,P,103.512525,0.076638
3kxt,A,56,D,90.719847,0.014
3kxt,A,57,D,-86.455393,0.023773
3kxt,A,58,Y,-96.634858,0.015603
