pdb_id,chain,res_i,aa_i,theta_pp_deg,box_rms
5oay,A,1,M,106.950159,0.002892
5oay,A,2,D,97.436765,0.001221
5oay,A,3,W,94.038255,0.001043
5oay,A,4,R,100.978912,0.005433
5oay,A,5,H,87.769627,0.016265
5oay,A,6,K,92.389474,0.009634
5oay,A,7,A,93.629013,0.012382
5oay,A,8,V,89.151227,0.029119
5oay,A,9,C,100.195986,0.004015
5oay,A,10,R,100.319635,0.004771
5oay,A,11,D,-72.092301,0.002471
5oay,A,12,E,-117.853002,0.008172
5oay,A,13,D,115.840679,0.00466
5oay,A,14,P,101.286096,0.007905
5oay,A,15,E,105.254896,0.010939
5oay,A,16,L,72.758919,0.014842
5oay,A,17,F,125.035508,0.0009
5oay,A,18,F,-79.821282,0.000607
5oay,A,19,P,-79.932787,0.006427
5oay,A,20,V,-16.538844,0.002011
5oay,A,21,G,52.952486,0.002569
5oay,A,22,N,-144.59574,0.002516
5oay,A,23,S,76.06527,0.023017
5oay,A,24,G,116.546508,0.012542
5oay,A,25,P,105.545056,0.007697
5oay,A,26,A,95.002042,0.006167
5oay,A,27,L,94.501313,0.00548
5oay,A,28,A,90.037861,0.021211
5oay,A,29,Q,98.91054,0.035218
5oay,A,30,I,104.870294,0.0057
5oay,A,31,A,88.31102,0.051703
5oay,A,32,D,96.560636,0.003388
5oay,A,33,A,100.51621,0.008251
5oay,A,34,K,89.03545,0.004249
5oay,A,35,L,90.787029,0.000862
5oay,A,36,V,102.313633,0.000482
5oay,A,37,C,87.256985,0.000163
5oay,A,38,N,82.6887,0.000634
5oay,A,39,R,-87.807974,0.007922
5oay,A,40,C,-87.182466,0.001913
5oay,A,41,P,-93.312237,0.002187
5oay,A,42,V,-138.386306,0.002475
5oay,A,43,T,112.609188,0.015059
5oay,A,44,T,97.726043,0.003228
5oay,A,45,E,89.369045,0.00794
5oay,A,46,C,91.972472,0.006582
5oay,A,47,L,102.678861,0.000768
5oay,A,48,S,94.364565,0.001991
5oay,A,49,W,101.195188,0.004119
5oay,A,50,A,96.352579,0.000384
5oay,A,51,L,98.313011,0.001119
5oay,A,52,N,74.94006,0.000405
5oay,A,53,T,-98.560205,0.003015
5oay,A,54,G,-108.366192,0.001127
5oay,A,55,Q,-96.949126,0.000435
5oay,A,56,D,-149.498778,0.000314
5oay,A,57,S,-72.579768,0.000395
5oay,A,58,G,78.951679,0.000384
5oay,A,59,V,-89.243892,0.000502
5oay,A,60,W,-57.160441,0.000828
5oay,A,61,G,-138.004988,0.001061
5oay,A,62,G,-136.850725,0.003299
5oay,A,63,M,-88.216448,0.002757
5oay,A,64,S,99.445192,0.002007
5oay,A,65,E,97.196778,0.006155
5oay,A,66,D,99.241972,0.0028
5oay,A,67,E,97.238208,0.004304
5oay,A,68,R,97.448909,0.003491
5oay,A,69,R,100.870332,0.007859
5oay,A,70,A,90.727504,0.002752
5oay,A,71,L,103.209339,0.002668
5oay,A,72,K,93.427647,0.001445
5oay,A,73,R,94.026876,0.001367
5oay,A,74,R,93.062802,0.001604
