pdb_id,chain,res_i,aa_i,theta_pp_deg,box_rms
6gdz,A,1,H,102.391839,0.014883
6gdz,A,2,X,95.881527,0.019957
6gdz,A,3,Q,102.36642,0.010074
6gdz,A,4,G,97.464573,0.011422
6gdz,A,5,T,77.869012,0.023784
6gdz,A,6,F,116.226166,0.03829
6gdz,A,7,T,90.805142,0.004201
6gdz,A,8,S,93.752721,0.013109
6gdz,A,9,D,103.208246,0.026707
6gdz,A,10,L,96.935536,0.023078
6gdz,A,11,S,102.98888,0.013349
6gdz,A,12,K,93.470827,0.013553
6gdz,A,13,Q,91.407814,0.005614
6gdz,A,14,K,116.966233,0.038137
6gdz,A,15,D,95.899965,0.012585
6gdz,A,16,E,98.507485,0.0157
6gdz,A,17,Q,94.912646,0.010446
6gdz,A,18,R,96.925221,0.00771
6gdz,A,19,A,99.100042,0.003395
6gdz,A,20,K,104.089549,0.013733
6gdz,A,21,L,98.352067,0.001884
6gdz,A,22,F,99.791396,0.015269
6gdz,A,23,I,100.270988,0.011731
6gdz,A,24,E,95.987691,0.007553
6gdz,A,25,W,97.262237,0.028313
6gdz,A,26,L,101.800545,0.023575
6gdz,A,27,X,105.118074,0.019879
6gdz,A,28,A,-42.228014,0.027083
6gdz,A,29,G,88.817202,0.0178
6gdz,A,30,G,113.570079,0.040741
6gdz,A,31,P,96.245417,0.015316
6gdz,A,32,S,112.937492,0.034364
6gdz,A,33,S,-88.419619,0.008403
6gdz,A,34,G,122.786783,0.009976
6gdz,A,35,A,-64.581493,0.008114
6gdz,A,36,P,-68.819266,0.032151
6gdz,A,37,P,115.812062,0.060226
