pdb_id,chain,res_i,aa_i,theta_pp_deg,box_rms
7bwe,A,1,Q,96.655223,0.001256
7bwe,A,2,S,96.543178,0.000432
7bwe,A,3,M,82.540575,0.000435
7bwe,A,4,R,93.647767,0.000387
7bwe,A,5,T,-84.076573,0.000288
7bwe,A,6,E,96.481122,0.000276
7bwe,A,7,C,76.661577,0.000677
7bwe,A,8,N,97.361575,0.000291
7bwe,A,9,T,89.278553,0.000846
7bwe,A,10,A,77.161217,0.000318
7bwe,A,11,R,74.196254,0.000114
7bwe,A,12,G,73.880747,0.000392
7bwe,A,13,K,77.158168,0.000428
7bwe,A,14,G,-67.349867,0.000313
7bwe,A,15,H,80.054519,0.000216
7bwe,A,16,M,102.940651,0.000201
7bwe,A,17,L,98.373102,0.000821
7bwe,A,18,I,86.185785,0.000886
7bwe,A,19,A,-85.376878,0.000668
7bwe,A,20,Y,-66.040136,0.000305
7bwe,A,21,P,52.405202,0.000186
7bwe,A,22,G,113.697515,0.000273
7bwe,A,23,D,100.094736,0.000354
7bwe,A,24,C,87.037807,0.001235
7bwe,A,25,S,95.973465,0.00034
7bwe,A,26,Q,73.803563,0.000798
7bwe,A,27,Y,97.082562,0.000588
7bwe,A,28,I,69.352369,0.00077
7bwe,A,29,S,79.649904,0.000566
7bwe,A,30,C,51.507109,0.000394
7bwe,A,31,D,83.066488,0.00127
7bwe,A,32,S,90.587921,0.000261
7bwe,A,33,N,94.990017,0.000625
7bwe,A,34,D,53.548647,0.000602
7bwe,A,35,Q,162.140852,0.001162
7bwe,A,36,S,119.350774,0.000289
7bwe,A,37,P,61.294669,0.000154
7bwe,A,38,Q,-85.780954,0.000312
7bwe,A,39,Q,59.276619,0.000343
7bwe,A,40,C,-87.087121,0.000249
7bwe,A,41,A,72.943229,0.001216
7bwe,A,42,S,-96.81762,0.000344
7bwe,A,43,G,39.277897,0.00071
7bwe,A,44,T,95.144393,0.000425
7bwe,A,45,V,111.061735,0.000232
7bwe,A,46,F,110.391168,8.9e-05
7bwe,A,47,N,-83.212651,0.000866
7bwe,A,48,S,111.689272,0.000402
7bwe,A,49,E,111.269069,0.00037
7bwe,A,50,K,-91.308785,0.000568
7bwe,A,51,Q,84.360508,0.000417
7bwe,A,52,R,105.149098,0.000234
7bwe,A,53,C,76.188955,0.000359
7bwe,A,54,D,87.273257,0.000633
7bwe,A,55,F,122.926339,0.000431
7bwe,A,56,R,-121.096928,0.000458
7bwe,A,57,A,-102.852311,0.000196
7bwe,A,58,N,-109.36734,0.000343
7bwe,A,59,V,-89.371546,0.00023
7bwe,A,60,P,114.061878,0.000992
7bwe,A,61,S,-100.914522,0.000197
7bwe,A,62,C,-87.923574,0.000197
