chain	resseq	source	angle_err_deg	dot	resn	pdb_id
H	77	pn	88.646	0.02363	ARG	1c1u
H	100	pn	88.474	0.02663	PHE	6pzh
H	100	pn	88.457	0.02693	PHE	4jo3
B	13	pn	87.502	0.04359	LYS	4pcf
I	100	pn	87.424	0.04495	PHE	4jo3
B	100	pn	85.651	0.07582	PHE	6pzh
H	210	pn	81.816	0.14235	ASN	1c1u
H	60	pn	81.29	0.15144	THR	1c1u
A	252	pn	80.748	0.16077	PRO	4gd8
B	243	pn	79.124	0.18869	ARG	2y03
A	72	pn	78.561	0.19833	ALA	4pcf
B	72	pn	77.593	0.21485	ALA	4pcf
C	72	pn	77.461	0.21711	ALA	4pcf
A	234	pn	77.263	0.22048	GLY	4pcf
A	217	pn	76.553	0.23255	SER	1bty
H	223	pn	76.439	0.23448	GLU	1c1u
C	234	pn	75.933	0.24306	GLY	4pcf
A	130	pn	75.667	0.24756	SER	1y3x
A	106	pn	75.077	0.25752	LEU	6pzh
A	130	pn	74.987	0.25903	SER	1bty
L	106	pn	74.625	0.26514	LEU	6pzh
A	13	pn	74.315	0.27035	LYS	4pcf
L	14	pn	73.277	0.28774	GLY	1c1u
A	125	pn	73.164	0.28964	THR	1bty
B	234	pn	72.985	0.29263	GLY	4pcf
A	125	pn	71.743	0.31329	THR	1y3x
A	217	pn	71.355	0.31971	SER	1y3x
H	52	pn	67.904	0.37616	TYR	6pzh
A	67	pn	67.64	0.38043	LEU	1y3x
B	52	pn	66.517	0.39847	TYR	6pzh
A	221	pn	65.386	0.41651	GLN	1y3x
A	221	pn	64.535	0.42995	GLN	1bty
L	95	pn	63.209	0.45074	ASP	4jo3
C	13	pn	62.217	0.46612	LYS	4pcf
M	95	pn	60.189	0.49714	ASP	4jo3
H	192	pn	58.19	0.5271	LYS	1c1u
C	2105	pn	57.813	0.53268	ILE	1pxx
A	27	pn	55.85	0.56136	VAL	6pzh
H	227	pn	55.819	0.5618	ARG	1c1u
L	27	pn	55.383	0.56809	VAL	6pzh
A	66	pn	53.618	0.59317	LEU	1bty
A	34	pn	51.782	0.61866	ASN	1bty
A	204	pn	50.123	0.64114	LYS	1bty
B	1105	pn	49.762	0.64597	ILE	1pxx
A	204	pn	48.054	0.66843	LYS	1y3x
A	105	pn	46.035	0.69422	ILE	1pxx
A	34	pn	45.273	0.70373	ASN	1y3x
L	95	pn	45.179	0.70489	THR	6pzh
B	82	pn	45.139	0.70538	LEU	6pzh
H	82	pn	43.098	0.73018	LEU	6pzh
